{
  "version": 1,
  "author": "Bya Rodrigues",
  "editor": "wokwi",
  "parts": [
    {
      "type": "wokwi-breadboard",
      "id": "bb1",
      "top": 55.8,
      "left": -110.8,
      "rotate": 270,
      "attrs": {}
    },
    {
      "type": "board-ssd1306",
      "id": "oled1",
      "top": 223.94,
      "left": 470.63,
      "attrs": { "i2cAddress": "0x3c" }
    },
    {
      "type": "wokwi-pushbutton",
      "id": "btn1",
      "top": -105.7,
      "left": 368.3,
      "rotate": 90,
      "attrs": { "color": "green" }
    },
    {
      "type": "wokwi-pushbutton",
      "id": "btn2",
      "top": 96.1,
      "left": 582.3,
      "rotate": 270,
      "attrs": { "color": "green" }
    },
    {
      "type": "wokwi-pushbutton",
      "id": "btn3",
      "top": 95.9,
      "left": 368.3,
      "rotate": 90,
      "attrs": { "color": "green" }
    },
    {
      "type": "wokwi-pushbutton",
      "id": "btn4",
      "top": -0.1,
      "left": 579.5,
      "rotate": 90,
      "attrs": { "color": "green" }
    },
    {
      "type": "wokwi-pushbutton",
      "id": "btn5",
      "top": -9.7,
      "left": 473.9,
      "rotate": 90,
      "attrs": { "color": "green" }
    },
    {
      "type": "wokwi-pushbutton",
      "id": "btn6",
      "top": -9.7,
      "left": 368.3,
      "rotate": 90,
      "attrs": { "color": "green" }
    },
    {
      "type": "wokwi-pushbutton",
      "id": "btn7",
      "top": -109,
      "left": 576,
      "rotate": 90,
      "attrs": { "color": "green" }
    },
    {
      "type": "wokwi-pushbutton",
      "id": "btn8",
      "top": -109,
      "left": 470.4,
      "rotate": 90,
      "attrs": { "color": "green" }
    },
    {
      "type": "wokwi-pushbutton",
      "id": "btn10",
      "top": 95.9,
      "left": 473.9,
      "rotate": 90,
      "attrs": { "color": "green" }
    },
    {
      "type": "wokwi-arduino-uno",
      "id": "uno1",
      "top": -31.8,
      "left": -219.4,
      "rotate": 90,
      "attrs": {}
    }
  ],
  "connections": [
    [ "oled1:GND", "bb1:bn.23", "black", [ "v-38.4", "h-200.3" ] ],
    [ "bb1:bn.50", "uno1:GND.1", "black", [ "h-241.3", "v173.6" ] ],
    [ "oled1:VCC", "bb1:bp.22", "red", [ "h0.15", "v-29.6" ] ],
    [ "bb1:bp.48", "uno1:5V", "red", [ "h-519.3", "v202.4" ] ],
    [ "oled1:SDA", "bb1:30b.j", "green", [ "v-48", "h-268.73" ] ],
    [ "bb1:30b.f", "uno1:A4", "green", [ "h-201.6", "v76.8", "h-278.4", "v-76.8" ] ],
    [ "oled1:SCL", "bb1:32b.j", "green", [ "v-67.2", "h-258.9" ] ],
    [ "bb1:32b.f", "uno1:A5", "green", [ "h-172.8", "v76.8", "h-288", "v-38.4" ] ],
    [ "bb1:bn.47", "btn1:2.l", "black", [ "h37.1", "v-28" ] ],
    [ "btn8:2.l", "btn1:2.l", "black", [ "v-25.5", "h-102.3" ] ],
    [ "btn8:2.l", "btn7:2.l", "black", [ "v-35.1", "h108.9" ] ],
    [ "btn6:2.l", "bb1:bn.47", "black", [ "v0", "h-48.2", "v-67.2", "h-19.2" ] ],
    [ "btn4:2.l", "btn5:2.l", "black", [ "v-19.2", "h-105.8" ] ],
    [ "btn5:2.l", "btn6:2.l", "black", [ "v-9.6", "h-105.8" ] ],
    [ "btn2:1.r", "btn10:2.l", "black", [ "v-9.8", "h-105.6" ] ],
    [ "btn10:2.l", "btn3:2.l", "black", [ "v-9.6", "h-105.8" ] ],
    [ "btn3:2.l", "bb1:bn.47", "black", [ "v-9.6", "h-48.2", "v-153.6" ] ],
    [ "btn1:1.r", "bb1:43t.e", "green", [ "v0.2", "h-201.6" ] ],
    [ "btn8:1.r", "bb1:42t.e", "green", [ "v13.1", "h-303.7", "v105.6" ] ],
    [ "btn7:1.r", "bb1:41t.e", "green", [ "v32.3", "h-399.7", "v96" ] ],
    [ "bb1:39t.e", "btn5:1.r", "green", [ "h86.4", "v-38.4", "h211.2" ] ],
    [ "bb1:40t.e", "btn6:1.r", "green", [ "h76.8", "v-38.4" ] ],
    [ "bb1:38t.e", "btn4:1.r", "green", [ "h124.8", "v-38.4", "h297.6" ] ],
    [ "bb1:37t.e", "btn3:1.r", "green", [ "h0" ] ],
    [ "bb1:36t.e", "btn10:1.r", "green", [ "h0" ] ],
    [ "bb1:35t.e", "btn2:2.l", "green", [ "h0" ] ],
    [ "uno1:8", "bb1:37t.a", "green", [ "h38.4", "v10" ] ],
    [ "uno1:9", "bb1:36t.a", "green", [ "h28.8", "v29.6" ] ],
    [ "uno1:10", "bb1:35t.a", "green", [ "h19.2", "v48.7" ] ],
    [ "uno1:7", "bb1:38t.a", "green", [ "h48", "v-15.6" ] ],
    [ "uno1:6", "bb1:39t.a", "green", [ "h57.6", "v-44.3" ] ],
    [ "uno1:5", "bb1:40t.a", "green", [ "h67.2", "v-53.8" ] ],
    [ "uno1:4", "bb1:41t.a", "green", [ "h76.8", "v-72.9" ] ],
    [ "bb1:42t.a", "uno1:3", "green", [ "h-67.2", "v86.4" ] ],
    [ "bb1:43t.a", "uno1:2", "green", [ "h-57.6", "v115.2" ] ]
  ],
  "dependencies": {}
}