<?xml version="1.0" encoding="UTF-8"?>
<project-private xmlns="http://www.netbeans.org/ns/project-private/1">
    <editor-bookmarks xmlns="http://www.netbeans.org/ns/editor-bookmarks/2" lastBookmarkId="0"/>
    <open-files xmlns="http://www.netbeans.org/ns/projectui-open-files/2">
        <group>
            <file>file:/C:/Users/beatr/OneDrive/Área%20de%20Trabalho/computação/bd1/trabalhofinal/controleEPIs/src/model/dao/ProgramaDao.java</file>
            <file>file:/C:/Users/beatr/OneDrive/Área%20de%20Trabalho/computação/bd1/trabalhofinal/controleEPIs/test/model/dao/ProgramaDaoTest.java</file>
            <file>file:/C:/Users/beatr/OneDrive/Área%20de%20Trabalho/computação/bd1/trabalhofinal/controleEPIs/src/conectar/conexao.java</file>
            <file>file:/C:/Users/beatr/OneDrive/Área%20de%20Trabalho/computação/bd1/trabalhofinal/controleEPIs/src/model/bean/Funcionario.java</file>
            <file>file:/C:/Users/beatr/OneDrive/Área%20de%20Trabalho/computação/bd1/trabalhofinal/controleEPIs/src/model/bean/programa.java</file>
            <file>file:/C:/Users/beatr/OneDrive/Área%20de%20Trabalho/computação/bd1/trabalhofinal/controleEPIs/src/model/bean/medico.java</file>
            <file>file:/C:/Users/beatr/OneDrive/Área%20de%20Trabalho/computação/bd1/trabalhofinal/controleEPIs/src/model/bean/enfermeiro.java</file>
            <file>file:/C:/Users/beatr/OneDrive/Área%20de%20Trabalho/computação/bd1/trabalhofinal/controleEPIs/src/model/bean/Epis.java</file>
        </group>
    </open-files>
</project-private>
